INSERT INTO public.region (id, name) VALUES (1, 'Чернівецька область');

INSERT INTO public.city (id, name, region_id) VALUES (1, 'Чернівці', 1);

INSERT INTO public.street (id, name, city_id) VALUES (1, 'проспект Незалежності', 1);
INSERT INTO public.street (id, name, city_id) VALUES (2, 'вулиця Ватутіна', 1);
INSERT INTO public.street (id, name, city_id) VALUES (3, 'вулиця Винниченка', 1);
INSERT INTO public.street (id, name, city_id) VALUES (4, 'вулиця Поштова', 1);
INSERT INTO public.street (id, name, city_id) VALUES (5, 'вулиця Гагаріна', 1);
INSERT INTO public.street (id, name, city_id) VALUES (6, 'вулиця Толстого', 1);
INSERT INTO public.street (id, name, city_id) VALUES (7, 'вулиця Горького', 1);
INSERT INTO public.street (id, name, city_id) VALUES (8, 'вулиця Сковороди', 1);
INSERT INTO public.street (id, name, city_id) VALUES (9, 'вулиця Університетська', 1);
INSERT INTO public.street (id, name, city_id) VALUES (10, 'вулиця Лисенка', 1);
INSERT INTO public.street (id, name, city_id) VALUES (11, 'вулиця Глінки', 1);
INSERT INTO public.street (id, name, city_id) VALUES (12, 'вулиця Котляревського', 1);
INSERT INTO public.street (id, name, city_id) VALUES (13, 'вулиця Нагірна', 1);
INSERT INTO public.street (id, name, city_id) VALUES (14, 'Кафедральна вулиця', 1);
INSERT INTO public.street (id, name, city_id) VALUES (15, 'вулиця Шевченка', 1);
INSERT INTO public.street (id, name, city_id) VALUES (16, 'вулиця Пушкіна', 1);
INSERT INTO public.street (id, name, city_id) VALUES (17, 'вулиця Маяковського', 1);
INSERT INTO public.street (id, name, city_id) VALUES (18, 'вулиця Тобілевича', 1);
INSERT INTO public.street (id, name, city_id) VALUES (19, 'вулиця Козачука', 1);
INSERT INTO public.street (id, name, city_id) VALUES (20, 'вулиця Ольжича', 1);

INSERT INTO public.house (id, number, street_id) VALUES (1, '131', 1);
INSERT INTO public.house (id, number, street_id) VALUES (2, '18', 2);
INSERT INTO public.house (id, number, street_id) VALUES (3, '3', 3);
INSERT INTO public.house (id, number, street_id) VALUES (4, '1', 4);
INSERT INTO public.house (id, number, street_id) VALUES (5, '4', 5);
INSERT INTO public.house (id, number, street_id) VALUES (6, '2', 6);
INSERT INTO public.house (id, number, street_id) VALUES (7, '12', 7);
INSERT INTO public.house (id, number, street_id) VALUES (8, '43', 8);
INSERT INTO public.house (id, number, street_id) VALUES (9, '2', 9);
INSERT INTO public.house (id, number, street_id) VALUES (10, '4', 10);
INSERT INTO public.house (id, number, street_id) VALUES (11, '2', 11);
INSERT INTO public.house (id, number, street_id) VALUES (12, '10', 12);
INSERT INTO public.house (id, number, street_id) VALUES (13, '5', 13);
INSERT INTO public.house (id, number, street_id) VALUES (14, '1', 14);
INSERT INTO public.house (id, number, street_id) VALUES (15, '44', 15);
INSERT INTO public.house (id, number, street_id) VALUES (16, '12', 16);
INSERT INTO public.house (id, number, street_id) VALUES (17, '16', 17);
INSERT INTO public.house (id, number, street_id) VALUES (18, '12', 18);
INSERT INTO public.house (id, number, street_id) VALUES (19, '12', 19);
INSERT INTO public.house (id, number, street_id) VALUES (20, '10', 20);

INSERT INTO public.flat (id, number, house_id) VALUES (1, '', 1);
INSERT INTO public.flat (id, number, house_id) VALUES (2, '', 2);
INSERT INTO public.flat (id, number, house_id) VALUES (3, '', 3);
INSERT INTO public.flat (id, number, house_id) VALUES (4, '24', 4);
INSERT INTO public.flat (id, number, house_id) VALUES (5, '123', 5);
INSERT INTO public.flat (id, number, house_id) VALUES (6, '', 6);
INSERT INTO public.flat (id, number, house_id) VALUES (7, '23', 7);
INSERT INTO public.flat (id, number, house_id) VALUES (8, '65', 8);
INSERT INTO public.flat (id, number, house_id) VALUES (9, '5', 9);
INSERT INTO public.flat (id, number, house_id) VALUES (10, '15', 10);
INSERT INTO public.flat (id, number, house_id) VALUES (11, '', 11);
INSERT INTO public.flat (id, number, house_id) VALUES (12, '', 12);
INSERT INTO public.flat (id, number, house_id) VALUES (13, '', 13);
INSERT INTO public.flat (id, number, house_id) VALUES (14, '', 14);
INSERT INTO public.flat (id, number, house_id) VALUES (15, '54', 15);
INSERT INTO public.flat (id, number, house_id) VALUES (16, '', 16);
INSERT INTO public.flat (id, number, house_id) VALUES (17, '24', 17);
INSERT INTO public.flat (id, number, house_id) VALUES (18, '', 18);
INSERT INTO public.flat (id, number, house_id) VALUES (19, '', 19);
INSERT INTO public.flat (id, number, house_id) VALUES (20, '', 20);

INSERT INTO public.addresses (id, is_active, lat, lng, city_id, flat_id, house_id, region_id, street_id) VALUES (1, true, 48.2690871, 25.924404099999947, 1, 1, 1, 1, 1);
INSERT INTO public.addresses (id, is_active, lat, lng, city_id, flat_id, house_id, region_id, street_id) VALUES (2, true, 48.025148000000002, 33.469425099999967, 1, 2, 2, 1, 2);
INSERT INTO public.addresses (id, is_active, lat, lng, city_id, flat_id, house_id, region_id, street_id) VALUES (3, true, 48.2708972, 25.953113400000007, 1, 3, 3, 1, 3);
INSERT INTO public.addresses (id, is_active, lat, lng, city_id, flat_id, house_id, region_id, street_id) VALUES (4, true, 48.293169499999998, 25.934576099999958, 1, 4, 4, 1, 4);
INSERT INTO public.addresses (id, is_active, lat, lng, city_id, flat_id, house_id, region_id, street_id) VALUES (5, true, 48.297532199999999, 25.936605999999983, 1, 5, 5, 1, 5);
INSERT INTO public.addresses (id, is_active, lat, lng, city_id, flat_id, house_id, region_id, street_id) VALUES (6, true, 48.295348099999998, 25.934265600000003, 1, 6, 6, 1, 6);
INSERT INTO public.addresses (id, is_active, lat, lng, city_id, flat_id, house_id, region_id, street_id) VALUES (7, true, 48.295746200000004, 25.93277850000004, 1, 7, 7, 1, 7);
INSERT INTO public.addresses (id, is_active, lat, lng, city_id, flat_id, house_id, region_id, street_id) VALUES (8, true, 48.292247599999989, 25.928941000000009, 1, 8, 8, 1, 8);
INSERT INTO public.addresses (id, is_active, lat, lng, city_id, flat_id, house_id, region_id, street_id) VALUES (9, true, 48.292825800000003, 25.934579600000006, 1, 9, 9, 1, 9);
INSERT INTO public.addresses (id, is_active, lat, lng, city_id, flat_id, house_id, region_id, street_id) VALUES (10, true, 48.2921671, 25.930448399999932, 1, 10, 10, 1, 10);
INSERT INTO public.addresses (id, is_active, lat, lng, city_id, flat_id, house_id, region_id, street_id) VALUES (11, true, 48.289922300000008, 25.929384600000049, 1, 11, 11, 1, 11);
INSERT INTO public.addresses (id, is_active, lat, lng, city_id, flat_id, house_id, region_id, street_id) VALUES (12, true, 48.289083000000012, 25.931894400000033, 1, 12, 12, 1, 12);
INSERT INTO public.addresses (id, is_active, lat, lng, city_id, flat_id, house_id, region_id, street_id) VALUES (13, true, 48.287550799999998, 25.930330000000026, 1, 13, 13, 1, 13);
INSERT INTO public.addresses (id, is_active, lat, lng, city_id, flat_id, house_id, region_id, street_id) VALUES (14, true, 48.287074999999987, 25.935322700000029, 1, 14, 14, 1, 14);
INSERT INTO public.addresses (id, is_active, lat, lng, city_id, flat_id, house_id, region_id, street_id) VALUES (15, true, 48.286315300000012, 25.94225890000007, 1, 15, 15, 1, 15);
INSERT INTO public.addresses (id, is_active, lat, lng, city_id, flat_id, house_id, region_id, street_id) VALUES (16, true, 48.288062099999998, 25.942760200000066, 1, 16, 16, 1, 16);
INSERT INTO public.addresses (id, is_active, lat, lng, city_id, flat_id, house_id, region_id, street_id) VALUES (17, true, 48.289479200000002, 25.943222200000037, 1, 17, 17, 1, 17);
INSERT INTO public.addresses (id, is_active, lat, lng, city_id, flat_id, house_id, region_id, street_id) VALUES (18, true, 48.285018000000001, 25.941299000000072, 1, 18, 18, 1, 18);
INSERT INTO public.addresses (id, is_active, lat, lng, city_id, flat_id, house_id, region_id, street_id) VALUES (19, true, 48.286411000000001, 25.94714010000007, 1, 19, 19, 1, 19);
INSERT INTO public.addresses (id, is_active, lat, lng, city_id, flat_id, house_id, region_id, street_id) VALUES (20, true, 48.286717900000014, 25.945527599999991, 1, 20, 20, 1, 20);

INSERT INTO public.users (user_id, stripecustomerid, avatar, email, last_login, name, password, phone_number, role, surname, status) VALUES (1, NULL, '', 'inspector1@gmail.com', NULL, 'Olga', '$2a$10$80qxcLmmY3l2DNAS08CeWusfSr/uS1mvt3zBQKSih0fiMwZiEACxS', '+380968780876', 'INSPECTOR', 'Ivanova', 'ACTIVE');
INSERT INTO public.users (user_id, stripecustomerid, avatar, email, last_login, name, password, phone_number, role, surname, status) VALUES (2, NULL, '', 'inspector2@gmail.com', NULL, 'Volodimir', '$2a$10$80qxcLmmY3l2DNAS08CeWusfSr/uS1mvt3zBQKSih0fiMwZiEACxS', '+380968780876', 'INSPECTOR', 'Golovach', 'ACTIVE');
INSERT INTO public.users (user_id, stripecustomerid, avatar, email, last_login, name, password, phone_number, role, surname, status) VALUES (3, NULL, '', 'inspector3@gmail.com', NULL, 'Makar', '$2a$10$80qxcLmmY3l2DNAS08CeWusfSr/uS1mvt3zBQKSih0fiMwZiEACxS', '+380968780876', 'INSPECTOR', 'Portnov', 'ACTIVE');
INSERT INTO public.users (user_id, stripecustomerid, avatar, email, last_login, name, password, phone_number, role, surname, status) VALUES (4, NULL, '', 'inspector4@gmail.com', NULL, 'Oleg', '$2a$10$80qxcLmmY3l2DNAS08CeWusfSr/uS1mvt3zBQKSih0fiMwZiEACxS', '+380968780876', 'INSPECTOR', 'Adamov', 'ACTIVE');

INSERT INTO public.schedules (id, event_date, is_repeat, address_id, user_id) VALUES (1, '2018-09-28', true, 1, 1);
INSERT INTO public.schedules (id, event_date, is_repeat, address_id, user_id) VALUES (2, '2018-09-27', true, 2, 1);
INSERT INTO public.schedules (id, event_date, is_repeat, address_id, user_id) VALUES (3, '2018-09-26', true, 3, 1);
INSERT INTO public.schedules (id, event_date, is_repeat, address_id, user_id) VALUES (4, '2018-09-25', true, 4, 1);
INSERT INTO public.schedules (id, event_date, is_repeat, address_id, user_id) VALUES (5, '2018-09-24', true, 5, 1);
INSERT INTO public.schedules (id, event_date, is_repeat, address_id, user_id) VALUES (6, '2018-09-10', true, 6, 2);
INSERT INTO public.schedules (id, event_date, is_repeat, address_id, user_id) VALUES (7, '2018-09-10', true, 7, 2);
INSERT INTO public.schedules (id, event_date, is_repeat, address_id, user_id) VALUES (8, '2018-09-10', true, 8, 2);
INSERT INTO public.schedules (id, event_date, is_repeat, address_id, user_id) VALUES (9, '2018-10-10', true, 9, 2);
INSERT INTO public.schedules (id, event_date, is_repeat, address_id, user_id) VALUES (10, '2018-09-10', true, 10, 2);
INSERT INTO public.schedules (id, event_date, is_repeat, address_id, user_id) VALUES (11, '2018-09-10', true, 11, 3);
INSERT INTO public.schedules (id, event_date, is_repeat, address_id, user_id) VALUES (12, '2018-09-30', true, 12, 3);
INSERT INTO public.schedules (id, event_date, is_repeat, address_id, user_id) VALUES (13, '2018-09-29', true, 13, 3);
INSERT INTO public.schedules (id, event_date, is_repeat, address_id, user_id) VALUES (14, '2018-09-28', true, 14, 3);
INSERT INTO public.schedules (id, event_date, is_repeat, address_id, user_id) VALUES (15, '2018-09-27', true, 15, 3);
INSERT INTO public.schedules (id, event_date, is_repeat, address_id, user_id) VALUES (16, '2018-09-26', true, 16, 4);
INSERT INTO public.schedules (id, event_date, is_repeat, address_id, user_id) VALUES (17, '2018-09-30', true, 17, 4);
INSERT INTO public.schedules (id, event_date, is_repeat, address_id, user_id) VALUES (18, '2018-09-29', true, 18, 4);
INSERT INTO public.schedules (id, event_date, is_repeat, address_id, user_id) VALUES (19, '2018-09-28', true, 19, 4);
INSERT INTO public.schedules (id, event_date, is_repeat, address_id, user_id) VALUES (20, '2018-09-27', true, 20, 4);